{"stats":{"minecraft:picked_up":{"minecraft:birch_log":2,"minecraft:coarse_dirt":1,"minecraft:crafting_table":1,"minecraft:andesite":9,"minecraft:leather":12,"minecraft:tuff":1,"minecraft:oak_log":15,"minecraft:gunpowder":2,"minecraft:amethyst_block":8,"minecraft:string":1,"minecraft:dirt":2,"minecraft:raw_copper":24,"minecraft:bone":5,"minecraft:wheat_seeds":3,"minecraft:beef":16,"minecraft:iron_ingot":1,"minecraft:calcite":2,"minecraft:moss_block":2,"minecraft:acacia_sapling":17,"minecraft:furnace":1,"minecraft:stick":13,"minecraft:raw_iron":54,"minecraft:acacia_log":228,"minecraft:porkchop":1,"minecraft:amethyst_shard":12,"minecraft:ink_sac":2,"minecraft:spider_eye":1,"minecraft:arrow":9,"minecraft:rotten_flesh":17,"minecraft:emerald":3,"minecraft:terracotta":4,"minecraft:oak_sapling":4,"minecraft:mutton":5,"minecraft:coal":31,"minecraft:white_wool":3,"minecraft:cobblestone":79},"minecraft:killed":{"minecraft:pig":1,"minecraft:zombie_villager":1,"minecraft:spider":1,"minecraft:creeper":1,"minecraft:sheep":3,"minecraft:skeleton":4,"minecraft:zombie":13,"minecraft:enderman":1,"minecraft:cow":8},"minecraft:dropped":{"minecraft:cooked_beef":4,"minecraft:cooked_mutton":3,"minecraft:shield":1,"minecraft:acacia_sapling":14,"minecraft:wooden_pickaxe":1},"minecraft:mined":{"minecraft:large_amethyst_bud":1,"minecraft:tuff":1,"minecraft:acacia_leaves":3,"minecraft:medium_amethyst_bud":3,"minecraft:amethyst_cluster":4,"minecraft:crafting_table":1,"minecraft:glow_lichen":1,"minecraft:budding_amethyst":1,"minecraft:acacia_log":193,"minecraft:emerald_ore":4,"minecraft:calcite":2,"minecraft:grass_block":3,"minecraft:copper_ore":9,"minecraft:tall_grass":1,"minecraft:cobblestone":7,"minecraft:deepslate_coal_ore":11,"minecraft:moss_block":2,"minecraft:amethyst_block":8,"minecraft:tall_seagrass":1,"minecraft:coarse_dirt":2,"minecraft:furnace":1,"minecraft:birch_log":2,"minecraft:iron_ore":28,"minecraft:sweet_berry_bush":1,"minecraft:andesite":3,"minecraft:birch_leaves":4,"minecraft:grass":19,"minecraft:coal_ore":20,"minecraft:oak_log":11,"minecraft:deepslate_iron_ore":26,"minecraft:small_amethyst_bud":1,"minecraft:stone":65,"minecraft:oak_leaves":4},"minecraft:custom":{"minecraft:interact_with_furnace":50,"minecraft:mob_kills":33,"minecraft:interact_with_crafting_table":19,"minecraft:leave_game":4,"minecraft:time_since_death":149212,"minecraft:climb_one_cm":21,"minecraft:time_since_rest":149212,"minecraft:sprint_one_cm":118844,"minecraft:damage_taken":663,"minecraft:walk_one_cm":284534,"minecraft:damage_blocked_by_shield":330,"minecraft:drop":10,"minecraft:damage_dealt":5292,"minecraft:swim_one_cm":40739,"minecraft:fly_one_cm":570707,"minecraft:open_chest":6,"minecraft:crouch_one_cm":21167,"minecraft:play_time":149212,"minecraft:sneak_time":7154,"minecraft:walk_under_water_one_cm":51783,"minecraft:jump":1122,"minecraft:walk_on_water_one_cm":55763,"minecraft:total_world_time":149212,"minecraft:fall_one_cm":18535},"minecraft:crafted":{"minecraft:cooked_beef":8,"minecraft:oak_planks":24,"minecraft:crafting_table":3,"minecraft:wooden_pickaxe":1,"minecraft:iron_helmet":1,"minecraft:iron_sword":1,"minecraft:furnace":3,"minecraft:birch_planks":8,"minecraft:cooked_mutton":9,"minecraft:air":0,"minecraft:iron_boots":1,"minecraft:iron_chestplate":1,"minecraft:shield":2,"minecraft:iron_axe":1,"minecraft:stick":16,"minecraft:iron_ingot":44,"minecraft:iron_pickaxe":2,"minecraft:stone_pickaxe":1,"minecraft:stone_sword":1,"minecraft:iron_leggings":1,"minecraft:white_bed":1,"minecraft:acacia_planks":8,"minecraft:torch":4},"minecraft:used":{"minecraft:stripped_acacia_wood":36,"create:handheld_worldshaper":8,"minecraft:moss_block":2,"minecraft:cooked_mutton":6,"cutandcolored:acacia_boards":65,"minecraft:stone_sword":40,"minecraft:acacia_log":418,"minecraft:acacia_trapdoor":6,"minecraft:stone_pickaxe":129,"minecraft:shield":12,"minecraft:wooden_pickaxe":21,"minecraft:iron_sword":105,"minecraft:iron_chestplate":1,"minecraft:torch":13,"minecraft:dirt":2,"minecraft:mutton":2,"minecraft:crafting_table":4,"minecraft:white_bed":1,"minecraft:stripped_spruce_log":68,"minecraft:spruce_log":1,"minecraft:stone_brick_slab":139,"minecraft:iron_axe":237,"minecraft:iron_pickaxe":47,"minecraft:iron_helmet":1,"minecraft:iron_boots":1,"minecraft:stone_bricks":2,"minecraft:cobblestone":6,"minecraft:deepslate_tile_stairs":24,"minecraft:furnace":4,"minecraft:porkchop":1,"cutandcolored:acacia_board_slab":25,"minecraft:cooked_beef":4,"minecraft:iron_leggings":1}},"DataVersion":3465}