{"stats":{"minecraft:picked_up":{"minecraft:cooked_beef":4,"minecraft:andesite":10,"minecraft:oak_log":11,"minecraft:shield":1,"minecraft:string":4,"minecraft:cooked_mutton":3,"minecraft:bone":4,"minecraft:apple":1,"minecraft:wheat_seeds":2,"minecraft:moss_block":1,"minecraft:sugar_cane":5,"minecraft:iron_sword":1,"minecraft:acacia_sapling":24,"minecraft:furnace":1,"minecraft:stick":14,"minecraft:raw_iron":17,"minecraft:sweet_berries":15,"minecraft:acacia_log":56,"minecraft:porkchop":9,"minecraft:white_bed":2,"minecraft:spider_eye":1,"minecraft:arrow":2,"minecraft:rotten_flesh":8,"minecraft:granite":1,"minecraft:emerald":1,"minecraft:terracotta":1,"minecraft:oak_sapling":2,"minecraft:mutton":6,"minecraft:coal":99,"minecraft:white_wool":3,"minecraft:cobblestone":114},"minecraft:killed":{"minecraft:pig":4,"minecraft:spider":2,"minecraft:skeleton":2,"minecraft:sheep":3,"minecraft:zombie":8},"minecraft:mined":{"minecraft:acacia_leaves":11,"minecraft:white_bed":2,"minecraft:granite":1,"minecraft:acacia_log":58,"minecraft:tall_grass":1,"minecraft:cobblestone":2,"minecraft:deepslate_coal_ore":48,"minecraft:spruce_leaves":4,"minecraft:sugar_cane":5,"minecraft:moss_block":1,"minecraft:furnace":1,"minecraft:iron_ore":11,"minecraft:sweet_berry_bush":4,"minecraft:andesite":8,"minecraft:grass":4,"minecraft:oak_log":11,"minecraft:coal_ore":52,"minecraft:deepslate_iron_ore":7,"minecraft:terracotta":1,"minecraft:stone":113,"minecraft:oak_leaves":10,"minecraft:deepslate_emerald_ore":1},"minecraft:dropped":{"minecraft:iron_ingot":1,"minecraft:iron_sword":1,"minecraft:oak_log":4,"minecraft:acacia_log":37},"minecraft:custom":{"minecraft:interact_with_furnace":20,"minecraft:mob_kills":19,"minecraft:interact_with_crafting_table":15,"minecraft:leave_game":3,"minecraft:time_since_death":84328,"minecraft:sleep_in_bed":3,"minecraft:time_since_rest":34787,"minecraft:sprint_one_cm":80738,"minecraft:damage_taken":745,"minecraft:walk_one_cm":410786,"minecraft:damage_blocked_by_shield":300,"minecraft:drop":4,"minecraft:damage_dealt":3061,"minecraft:swim_one_cm":34065,"minecraft:fly_one_cm":51159,"minecraft:open_chest":3,"minecraft:crouch_one_cm":1837,"minecraft:play_time":84328,"minecraft:sneak_time":851,"minecraft:walk_under_water_one_cm":15609,"minecraft:jump":1099,"minecraft:walk_on_water_one_cm":23604,"minecraft:total_world_time":84328,"minecraft:fall_one_cm":11588},"minecraft:crafted":{"minecraft:oak_planks":20,"minecraft:cooked_porkchop":6,"minecraft:crafting_table":2,"minecraft:iron_sword":1,"minecraft:furnace":2,"minecraft:stone_axe":1,"minecraft:air":0,"minecraft:iron_boots":1,"minecraft:iron_chestplate":1,"minecraft:stick":36,"minecraft:iron_ingot":20,"minecraft:iron_pickaxe":1,"minecraft:stone_pickaxe":2,"minecraft:chest":2,"minecraft:white_bed":1,"minecraft:acacia_planks":76,"minecraft:torch":76},"minecraft:used":{"minecraft:moss_block":1,"minecraft:cooked_mutton":3,"minecraft:stone_pickaxe":120,"minecraft:chest":2,"minecraft:shield":10,"minecraft:iron_sword":63,"minecraft:torch":8,"minecraft:terracotta":1,"minecraft:crafting_table":2,"minecraft:white_bed":3,"minecraft:acacia_sapling":24,"minecraft:apple":1,"minecraft:iron_pickaxe":126,"minecraft:stone_axe":89,"minecraft:sweet_berries":18,"minecraft:oak_sapling":1,"minecraft:furnace":3,"minecraft:cooked_porkchop":5}},"DataVersion":3465}