{
  "minecraft:recipes/decorations/crafting_table": {
    "criteria": {
      "unlock_right_away": "2024-06-26 02:07:59 +0000"
    },
    "done": true
  },
  "minecraft:adventure/adventuring_time": {
    "criteria": {
      "minecraft:deep_ocean": "2024-06-26 02:18:44 +0000",
      "minecraft:savanna_plateau": "2024-06-26 02:49:33 +0000",
      "minecraft:stony_peaks": "2024-06-26 03:10:15 +0000",
      "minecraft:river": "2024-06-26 02:20:35 +0000",
      "minecraft:dripstone_caves": "2024-06-26 03:24:48 +0000",
      "minecraft:jagged_peaks": "2024-06-26 03:09:48 +0000",
      "minecraft:ocean": "2024-06-26 02:08:37 +0000",
      "minecraft:flower_forest": "2024-06-26 02:08:00 +0000",
      "minecraft:frozen_peaks": "2024-06-26 03:10:05 +0000",
      "minecraft:plains": "2024-06-26 02:08:29 +0000"
    },
    "done": false
  },
  "cutandcolored:recipes/building_blocks/birch_planks_from_sawmilling": {
    "criteria": {
      "has_item": "2024-06-26 02:47:06 +0000"
    },
    "done": true
  },
  "cutandcolored:recipes/building_blocks/birch_stairs_from_logs_from_sawmilling": {
    "criteria": {
      "has_item": "2024-06-26 02:47:06 +0000"
    },
    "done": true
  },
  "create:root": {
    "criteria": {
      "0": "2024-06-26 02:47:06 +0000"
    },
    "done": true
  },
  "cutandcolored:recipes/building_blocks/birch_board_stairs_from_logs_from_sawmilling": {
    "criteria": {
      "has_item": "2024-06-26 02:47:06 +0000"
    },
    "done": true
  },
  "cutandcolored:recipes/building_blocks/birch_fence_from_sawmilling": {
    "criteria": {
      "has_item": "2024-06-26 02:47:06 +0000"
    },
    "done": true
  },
  "minecraft:recipes/building_blocks/birch_wood": {
    "criteria": {
      "has_log": "2024-06-26 02:47:06 +0000"
    },
    "done": true
  },
  "minecraft:recipes/building_blocks/birch_planks": {
    "criteria": {
      "has_logs": "2024-06-26 02:47:06 +0000"
    },
    "done": true
  },
  "minecraft:recipes/misc/charcoal": {
    "criteria": {
      "has_log": "2024-06-26 02:47:06 +0000"
    },
    "done": true
  },
  "cutandcolored:recipes/building_blocks/bowl_from_logs_from_sawmilling": {
    "criteria": {
      "has_item": "2024-06-26 02:47:06 +0000"
    },
    "done": true
  },
  "cutandcolored:recipes/building_blocks/sticks_from_logs_from_sawmilling": {
    "criteria": {
      "has_item": "2024-06-26 02:47:06 +0000"
    },
    "done": true
  },
  "cutandcolored:recipes/building_blocks/birch_boat_from_sawmilling": {
    "criteria": {
      "has_item": "2024-06-26 02:47:06 +0000"
    },
    "done": true
  },
  "cutandcolored:recipes/building_blocks/birch_sign_from_sawmilling": {
    "criteria": {
      "has_item": "2024-06-26 02:47:06 +0000"
    },
    "done": true
  },
  "cutandcolored:recipes/building_blocks/crafting_table_from_sawmilling": {
    "criteria": {
      "has_item": "2024-06-26 02:47:06 +0000"
    },
    "done": true
  },
  "cutandcolored:recipes/building_blocks/birch_slab_from_logs_from_sawmilling": {
    "criteria": {
      "has_item": "2024-06-26 02:47:06 +0000"
    },
    "done": true
  },
  "cutandcolored:recipes/building_blocks/birch_fence_gate_from_sawmilling": {
    "criteria": {
      "has_item": "2024-06-26 02:47:06 +0000"
    },
    "done": true
  },
  "cutandcolored:recipes/building_blocks/birch_door_from_sawmilling": {
    "criteria": {
      "has_item": "2024-06-26 02:47:06 +0000"
    },
    "done": true
  },
  "cutandcolored:recipes/building_blocks/birch_trapdoor_from_sawmilling": {
    "criteria": {
      "has_item": "2024-06-26 02:47:06 +0000"
    },
    "done": true
  },
  "cutandcolored:recipes/building_blocks/stripped_birch_logs_from_sawmilling": {
    "criteria": {
      "has_item": "2024-06-26 02:47:06 +0000"
    },
    "done": true
  },
  "cutandcolored:recipes/building_blocks/birch_boards_from_logs_from_sawmilling": {
    "criteria": {
      "has_item": "2024-06-26 02:47:06 +0000"
    },
    "done": true
  },
  "cutandcolored:recipes/building_blocks/birch_board_slab_from_logs_from_sawmilling": {
    "criteria": {
      "has_item": "2024-06-26 02:47:06 +0000"
    },
    "done": true
  },
  "create:recipes/building_blocks/birch_window": {
    "criteria": {
      "has_ingredient": "2024-06-26 02:47:39 +0000"
    },
    "done": true
  },
  "minecraft:recipes/redstone/birch_button": {
    "criteria": {
      "has_planks": "2024-06-26 02:47:39 +0000"
    },
    "done": true
  },
  "minecraft:recipes/redstone/birch_door": {
    "criteria": {
      "has_planks": "2024-06-26 02:47:39 +0000"
    },
    "done": true
  },
  "minecraft:recipes/decorations/birch_fence": {
    "criteria": {
      "has_planks": "2024-06-26 02:47:39 +0000"
    },
    "done": true
  },
  "cutandcolored:recipes/misc/light_gray_stained_planks_from_recolor_from_crafting": {
    "criteria": {
      "has_item": "2024-06-26 02:47:39 +0000"
    },
    "done": true
  },
  "cutandcolored:recipes/building_blocks/birch_boards_from_sawmilling": {
    "criteria": {
      "has_item": "2024-06-26 02:47:39 +0000"
    },
    "done": true
  },
  "cutandcolored:recipes/misc/blue_stained_planks_from_recolor_from_crafting": {
    "criteria": {
      "has_item": "2024-06-26 02:47:39 +0000"
    },
    "done": true
  },
  "cutandcolored:recipes/misc/white_stained_planks_from_recolor_from_crafting": {
    "criteria": {
      "has_item": "2024-06-26 02:47:39 +0000"
    },
    "done": true
  },
  "minecraft:recipes/misc/stick": {
    "criteria": {
      "has_planks": "2024-06-26 02:47:39 +0000"
    },
    "done": true
  },
  "cutandcolored:recipes/misc/lime_stained_planks_from_recolor_from_crafting": {
    "criteria": {
      "has_item": "2024-06-26 02:47:39 +0000"
    },
    "done": true
  },
  "minecraft:recipes/decorations/birch_sign": {
    "criteria": {
      "has_planks": "2024-06-26 02:47:39 +0000"
    },
    "done": true
  },
  "cutandcolored:recipes/misc/orange_stained_planks_from_recolor_from_crafting": {
    "criteria": {
      "has_item": "2024-06-26 02:47:39 +0000"
    },
    "done": true
  },
  "minecraft:recipes/redstone/birch_fence_gate": {
    "criteria": {
      "has_planks": "2024-06-26 02:47:39 +0000"
    },
    "done": true
  },
  "cutandcolored:recipes/misc/purple_stained_planks_from_recolor_from_crafting": {
    "criteria": {
      "has_item": "2024-06-26 02:47:39 +0000"
    },
    "done": true
  },
  "minecraft:recipes/building_blocks/birch_slab": {
    "criteria": {
      "has_planks": "2024-06-26 02:47:39 +0000"
    },
    "done": true
  },
  "cutandcolored:recipes/building_blocks/birch_slab_from_sawmilling": {
    "criteria": {
      "has_item": "2024-06-26 02:47:39 +0000"
    },
    "done": true
  },
  "minecraft:recipes/building_blocks/birch_stairs": {
    "criteria": {
      "has_planks": "2024-06-26 02:47:39 +0000"
    },
    "done": true
  },
  "cutandcolored:recipes/misc/black_stained_planks_from_recolor_from_crafting": {
    "criteria": {
      "has_item": "2024-06-26 02:47:39 +0000"
    },
    "done": true
  },
  "cutandcolored:recipes/building_blocks/sticks_from_planks_from_sawmilling": {
    "criteria": {
      "has_item": "2024-06-26 02:47:39 +0000"
    },
    "done": true
  },
  "cutandcolored:recipes/misc/yellow_stained_planks_from_recolor_from_crafting": {
    "criteria": {
      "has_item": "2024-06-26 02:47:39 +0000"
    },
    "done": true
  },
  "minecraft:recipes/decorations/barrel": {
    "criteria": {
      "has_planks": "2024-06-26 02:47:39 +0000"
    },
    "done": true
  },
  "cutandcolored:recipes/misc/light_blue_stained_planks_from_recolor_from_crafting": {
    "criteria": {
      "has_item": "2024-06-26 02:47:39 +0000"
    },
    "done": true
  },
  "cutandcolored:recipes/misc/green_stained_planks_from_recolor_from_crafting": {
    "criteria": {
      "has_item": "2024-06-26 02:47:39 +0000"
    },
    "done": true
  },
  "cutandcolored:recipes/building_blocks/birch_stairs_from_sawmilling": {
    "criteria": {
      "has_item": "2024-06-26 02:47:39 +0000"
    },
    "done": true
  },
  "cutandcolored:recipes/misc/cyan_stained_planks_from_recolor_from_crafting": {
    "criteria": {
      "has_item": "2024-06-26 02:47:39 +0000"
    },
    "done": true
  },
  "cutandcolored:recipes/misc/red_stained_planks_from_recolor_from_crafting": {
    "criteria": {
      "has_item": "2024-06-26 02:47:39 +0000"
    },
    "done": true
  },
  "cutandcolored:recipes/misc/pink_stained_planks_from_recolor_from_crafting": {
    "criteria": {
      "has_item": "2024-06-26 02:47:39 +0000"
    },
    "done": true
  },
  "cutandcolored:recipes/misc/gray_stained_planks_from_recolor_from_crafting": {
    "criteria": {
      "has_item": "2024-06-26 02:47:39 +0000"
    },
    "done": true
  },
  "cutandcolored:recipes/building_blocks/bowl_from_sawmilling": {
    "criteria": {
      "has_item": "2024-06-26 02:47:39 +0000"
    },
    "done": true
  },
  "cutandcolored:recipes/misc/magenta_stained_planks_from_recolor_from_crafting": {
    "criteria": {
      "has_item": "2024-06-26 02:47:39 +0000"
    },
    "done": true
  },
  "minecraft:recipes/redstone/birch_trapdoor": {
    "criteria": {
      "has_planks": "2024-06-26 02:47:39 +0000"
    },
    "done": true
  },
  "cutandcolored:recipes/building_blocks/birch_board_slab_from_planks_from_sawmilling": {
    "criteria": {
      "has_item": "2024-06-26 02:47:39 +0000"
    },
    "done": true
  },
  "cutandcolored:recipes/misc/brown_stained_planks_from_recolor_from_crafting": {
    "criteria": {
      "has_item": "2024-06-26 02:47:39 +0000"
    },
    "done": true
  },
  "minecraft:recipes/redstone/birch_pressure_plate": {
    "criteria": {
      "has_planks": "2024-06-26 02:47:39 +0000"
    },
    "done": true
  },
  "cutandcolored:recipes/building_blocks/birch_board_stairs_from_planks_from_sawmilling": {
    "criteria": {
      "has_item": "2024-06-26 02:47:39 +0000"
    },
    "done": true
  },
  "create:recipes/misc/crafting/appliances/crafting_blueprint": {
    "criteria": {
      "has_item": "2024-06-26 02:47:41 +0000"
    },
    "done": true
  },
  "minecraft:story/root": {
    "criteria": {
      "crafting_table": "2024-06-26 02:47:41 +0000"
    },
    "done": true
  },
  "minecraft:adventure/root": {
    "criteria": {
      "killed_something": "2024-06-26 02:47:51 +0000"
    },
    "done": true
  },
  "minecraft:recipes/food/cooked_porkchop": {
    "criteria": {
      "has_porkchop": "2024-06-26 02:47:52 +0000"
    },
    "done": true
  },
  "minecraft:recipes/food/cooked_porkchop_from_smoking": {
    "criteria": {
      "has_porkchop": "2024-06-26 02:47:52 +0000"
    },
    "done": true
  },
  "minecraft:recipes/food/cooked_porkchop_from_campfire_cooking": {
    "criteria": {
      "has_porkchop": "2024-06-26 02:47:52 +0000"
    },
    "done": true
  },
  "minecraft:husbandry/root": {
    "criteria": {
      "consumed_item": "2024-06-26 02:47:55 +0000"
    },
    "done": true
  },
  "minecraft:husbandry/balanced_diet": {
    "criteria": {
      "cooked_mutton": "2024-06-26 02:52:23 +0000",
      "cooked_beef": "2024-06-26 03:31:47 +0000",
      "porkchop": "2024-06-26 02:47:55 +0000",
      "mutton": "2024-06-26 03:06:23 +0000"
    },
    "done": false
  },
  "minecraft:recipes/transportation/cherry_boat": {
    "criteria": {
      "in_water": "2024-06-26 02:48:30 +0000"
    },
    "done": true
  },
  "minecraft:recipes/transportation/bamboo_raft": {
    "criteria": {
      "in_water": "2024-06-26 02:48:30 +0000"
    },
    "done": true
  },
  "minecraft:recipes/transportation/acacia_boat": {
    "criteria": {
      "in_water": "2024-06-26 02:48:30 +0000"
    },
    "done": true
  },
  "minecraft:recipes/transportation/jungle_boat": {
    "criteria": {
      "in_water": "2024-06-26 02:48:30 +0000"
    },
    "done": true
  },
  "minecraft:recipes/transportation/spruce_boat": {
    "criteria": {
      "in_water": "2024-06-26 02:48:30 +0000"
    },
    "done": true
  },
  "minecraft:recipes/transportation/birch_boat": {
    "criteria": {
      "in_water": "2024-06-26 02:48:30 +0000"
    },
    "done": true
  },
  "minecraft:recipes/transportation/oak_boat": {
    "criteria": {
      "in_water": "2024-06-26 02:48:30 +0000"
    },
    "done": true
  },
  "minecraft:recipes/transportation/mangrove_boat": {
    "criteria": {
      "in_water": "2024-06-26 02:48:30 +0000"
    },
    "done": true
  },
  "minecraft:recipes/transportation/dark_oak_boat": {
    "criteria": {
      "in_water": "2024-06-26 02:48:30 +0000"
    },
    "done": true
  },
  "cutandcolored:recipes/building_blocks/acacia_sign_from_sawmilling": {
    "criteria": {
      "has_item": "2024-06-26 02:49:43 +0000"
    },
    "done": true
  },
  "cutandcolored:recipes/building_blocks/acacia_boat_from_sawmilling": {
    "criteria": {
      "has_item": "2024-06-26 02:49:43 +0000"
    },
    "done": true
  },
  "cutandcolored:recipes/building_blocks/acacia_slab_from_logs_from_sawmilling": {
    "criteria": {
      "has_item": "2024-06-26 02:49:43 +0000"
    },
    "done": true
  },
  "cutandcolored:recipes/building_blocks/acacia_door_from_sawmilling": {
    "criteria": {
      "has_item": "2024-06-26 02:49:43 +0000"
    },
    "done": true
  },
  "cutandcolored:recipes/building_blocks/acacia_fence_gate_from_sawmilling": {
    "criteria": {
      "has_item": "2024-06-26 02:49:43 +0000"
    },
    "done": true
  },
  "cutandcolored:recipes/building_blocks/acacia_stairs_from_logs_from_sawmilling": {
    "criteria": {
      "has_item": "2024-06-26 02:49:43 +0000"
    },
    "done": true
  },
  "minecraft:recipes/building_blocks/acacia_wood": {
    "criteria": {
      "has_log": "2024-06-26 02:49:43 +0000"
    },
    "done": true
  },
  "cutandcolored:recipes/building_blocks/acacia_trapdoor_from_sawmilling": {
    "criteria": {
      "has_item": "2024-06-26 02:49:43 +0000"
    },
    "done": true
  },
  "cutandcolored:recipes/building_blocks/acacia_planks_from_sawmilling": {
    "criteria": {
      "has_item": "2024-06-26 02:49:43 +0000"
    },
    "done": true
  },
  "cutandcolored:recipes/building_blocks/acacia_fence_from_sawmilling": {
    "criteria": {
      "has_item": "2024-06-26 02:49:43 +0000"
    },
    "done": true
  },
  "cutandcolored:recipes/building_blocks/acacia_boards_from_logs_from_sawmilling": {
    "criteria": {
      "has_item": "2024-06-26 02:49:43 +0000"
    },
    "done": true
  },
  "cutandcolored:recipes/building_blocks/acacia_board_slab_from_logs_from_sawmilling": {
    "criteria": {
      "has_item": "2024-06-26 02:49:43 +0000"
    },
    "done": true
  },
  "cutandcolored:recipes/building_blocks/stripped_acacia_logs_from_sawmilling": {
    "criteria": {
      "has_item": "2024-06-26 02:49:43 +0000"
    },
    "done": true
  },
  "cutandcolored:recipes/building_blocks/acacia_board_stairs_from_logs_from_sawmilling": {
    "criteria": {
      "has_item": "2024-06-26 02:49:43 +0000"
    },
    "done": true
  },
  "minecraft:recipes/building_blocks/acacia_planks": {
    "criteria": {
      "has_log": "2024-06-26 02:49:43 +0000"
    },
    "done": true
  },
  "minecraft:recipes/redstone/acacia_button": {
    "criteria": {
      "has_planks": "2024-06-26 02:49:49 +0000"
    },
    "done": true
  },
  "minecraft:recipes/building_blocks/acacia_stairs": {
    "criteria": {
      "has_planks": "2024-06-26 02:49:49 +0000"
    },
    "done": true
  },
  "minecraft:recipes/redstone/acacia_door": {
    "criteria": {
      "has_planks": "2024-06-26 02:49:49 +0000"
    },
    "done": true
  },
  "cutandcolored:recipes/building_blocks/acacia_stairs_from_sawmilling": {
    "criteria": {
      "has_item": "2024-06-26 02:49:49 +0000"
    },
    "done": true
  },
  "cutandcolored:recipes/building_blocks/acacia_board_stairs_from_planks_from_sawmilling": {
    "criteria": {
      "has_item": "2024-06-26 02:49:49 +0000"
    },
    "done": true
  },
  "create:recipes/building_blocks/acacia_window": {
    "criteria": {
      "has_ingredient": "2024-06-26 02:49:49 +0000"
    },
    "done": true
  },
  "minecraft:recipes/decorations/acacia_sign": {
    "criteria": {
      "has_planks": "2024-06-26 02:49:49 +0000"
    },
    "done": true
  },
  "minecraft:recipes/redstone/acacia_pressure_plate": {
    "criteria": {
      "has_planks": "2024-06-26 02:49:49 +0000"
    },
    "done": true
  },
  "minecraft:recipes/building_blocks/acacia_slab": {
    "criteria": {
      "has_planks": "2024-06-26 02:49:49 +0000"
    },
    "done": true
  },
  "minecraft:recipes/redstone/acacia_trapdoor": {
    "criteria": {
      "has_planks": "2024-06-26 02:49:49 +0000"
    },
    "done": true
  },
  "cutandcolored:recipes/building_blocks/acacia_boards_from_sawmilling": {
    "criteria": {
      "has_item": "2024-06-26 02:49:49 +0000"
    },
    "done": true
  },
  "minecraft:recipes/redstone/acacia_fence_gate": {
    "criteria": {
      "has_planks": "2024-06-26 02:49:49 +0000"
    },
    "done": true
  },
  "cutandcolored:recipes/building_blocks/acacia_board_slab_from_planks_from_sawmilling": {
    "criteria": {
      "has_item": "2024-06-26 02:49:49 +0000"
    },
    "done": true
  },
  "cutandcolored:recipes/building_blocks/acacia_slab_from_sawmilling": {
    "criteria": {
      "has_item": "2024-06-26 02:49:49 +0000"
    },
    "done": true
  },
  "minecraft:recipes/decorations/acacia_fence": {
    "criteria": {
      "has_planks": "2024-06-26 02:49:49 +0000"
    },
    "done": true
  },
  "minecraft:recipes/decorations/ladder": {
    "criteria": {
      "has_stick": "2024-06-26 02:49:54 +0000"
    },
    "done": true
  },
  "minecraft:recipes/tools/wooden_axe": {
    "criteria": {
      "has_stick": "2024-06-26 02:49:54 +0000"
    },
    "done": true
  },
  "minecraft:recipes/decorations/campfire": {
    "criteria": {
      "has_stick": "2024-06-26 02:49:54 +0000"
    },
    "done": true
  },
  "minecraft:recipes/tools/wooden_hoe": {
    "criteria": {
      "has_stick": "2024-06-26 02:49:54 +0000"
    },
    "done": true
  },
  "minecraft:recipes/tools/wooden_shovel": {
    "criteria": {
      "has_stick": "2024-06-26 02:49:54 +0000"
    },
    "done": true
  },
  "minecraft:recipes/combat/wooden_sword": {
    "criteria": {
      "has_stick": "2024-06-26 02:49:54 +0000"
    },
    "done": true
  },
  "minecraft:recipes/tools/wooden_pickaxe": {
    "criteria": {
      "has_stick": "2024-06-26 02:49:54 +0000"
    },
    "done": true
  },
  "minecraft:story/mine_stone": {
    "criteria": {
      "get_stone": "2024-06-26 02:50:23 +0000"
    },
    "done": true
  },
  "minecraft:recipes/decorations/furnace": {
    "criteria": {
      "has_cobblestone": "2024-06-26 02:50:23 +0000"
    },
    "done": true
  },
  "minecraft:recipes/building_blocks/cobblestone_slab_from_cobblestone_stonecutting": {
    "criteria": {
      "has_cobblestone": "2024-06-26 02:50:23 +0000"
    },
    "done": true
  },
  "minecraft:recipes/building_blocks/stone": {
    "criteria": {
      "has_cobblestone": "2024-06-26 02:50:23 +0000"
    },
    "done": true
  },
  "minecraft:recipes/tools/stone_pickaxe": {
    "criteria": {
      "has_cobblestone": "2024-06-26 02:50:23 +0000"
    },
    "done": true
  },
  "minecraft:recipes/building_blocks/cobblestone_slab": {
    "criteria": {
      "has_cobblestone": "2024-06-26 02:50:23 +0000"
    },
    "done": true
  },
  "minecraft:recipes/decorations/cobblestone_wall_from_cobblestone_stonecutting": {
    "criteria": {
      "has_cobblestone": "2024-06-26 02:50:23 +0000"
    },
    "done": true
  },
  "minecraft:recipes/building_blocks/cobblestone_stairs": {
    "criteria": {
      "has_cobblestone": "2024-06-26 02:50:23 +0000"
    },
    "done": true
  },
  "minecraft:recipes/tools/stone_shovel": {
    "criteria": {
      "has_cobblestone": "2024-06-26 02:50:23 +0000"
    },
    "done": true
  },
  "minecraft:recipes/redstone/lever": {
    "criteria": {
      "has_cobblestone": "2024-06-26 02:50:23 +0000"
    },
    "done": true
  },
  "minecraft:recipes/combat/stone_sword": {
    "criteria": {
      "has_cobblestone": "2024-06-26 02:50:23 +0000"
    },
    "done": true
  },
  "minecraft:recipes/decorations/cobblestone_wall": {
    "criteria": {
      "has_cobblestone": "2024-06-26 02:50:23 +0000"
    },
    "done": true
  },
  "minecraft:recipes/tools/stone_axe": {
    "criteria": {
      "has_cobblestone": "2024-06-26 02:50:23 +0000"
    },
    "done": true
  },
  "minecraft:recipes/building_blocks/cobblestone_stairs_from_cobblestone_stonecutting": {
    "criteria": {
      "has_cobblestone": "2024-06-26 02:50:23 +0000"
    },
    "done": true
  },
  "minecraft:recipes/tools/stone_hoe": {
    "criteria": {
      "has_cobblestone": "2024-06-26 02:50:23 +0000"
    },
    "done": true
  },
  "minecraft:recipes/decorations/torch": {
    "criteria": {
      "has_stone_pickaxe": "2024-06-26 02:51:38 +0000"
    },
    "done": true
  },
  "minecraft:story/upgrade_tools": {
    "criteria": {
      "stone_pickaxe": "2024-06-26 02:51:38 +0000"
    },
    "done": true
  },
  "minecraft:recipes/decorations/chest": {
    "criteria": {
      "has_lots_of_items": "2024-06-26 02:51:45 +0000"
    },
    "done": true
  },
  "minecraft:recipes/decorations/smoker": {
    "criteria": {
      "has_furnace": "2024-06-26 02:51:45 +0000"
    },
    "done": true
  },
  "minecraft:recipes/food/cooked_mutton_from_smoking": {
    "criteria": {
      "has_mutton": "2024-06-26 02:51:55 +0000"
    },
    "done": true
  },
  "create:recipes/building_blocks/crafting/kinetics/blue_seat": {
    "criteria": {
      "has_wool": "2024-06-26 02:51:55 +0000"
    },
    "done": true
  },
  "create:recipes/building_blocks/crafting/kinetics/magenta_seat": {
    "criteria": {
      "has_wool": "2024-06-26 02:51:55 +0000"
    },
    "done": true
  },
  "cutandcolored:recipes/building_blocks/white_wool_slab_from_weaving": {
    "criteria": {
      "has_item": "2024-06-26 02:51:55 +0000"
    },
    "done": true
  },
  "create:recipes/building_blocks/crafting/kinetics/light_blue_seat": {
    "criteria": {
      "has_wool": "2024-06-26 02:51:55 +0000"
    },
    "done": true
  },
  "usefulbackpacks:recipes/backpack_small": {
    "criteria": {
      "has_wool": "2024-06-26 02:51:55 +0000"
    },
    "done": true
  },
  "create:recipes/building_blocks/crafting/kinetics/green_seat": {
    "criteria": {
      "has_wool": "2024-06-26 02:51:55 +0000"
    },
    "done": true
  },
  "create:recipes/building_blocks/crafting/kinetics/purple_seat": {
    "criteria": {
      "has_wool": "2024-06-26 02:51:55 +0000"
    },
    "done": true
  },
  "minecraft:recipes/decorations/white_bed": {
    "criteria": {
      "has_white_wool": "2024-06-26 02:51:55 +0000"
    },
    "done": true
  },
  "create:recipes/building_blocks/crafting/kinetics/brown_seat": {
    "criteria": {
      "has_wool": "2024-06-26 02:51:55 +0000"
    },
    "done": true
  },
  "create:recipes/building_blocks/crafting/kinetics/gray_seat": {
    "criteria": {
      "has_wool": "2024-06-26 02:51:55 +0000"
    },
    "done": true
  },
  "minecraft:recipes/decorations/painting": {
    "criteria": {
      "has_wool": "2024-06-26 02:51:55 +0000"
    },
    "done": true
  },
  "create:recipes/building_blocks/crafting/kinetics/red_seat": {
    "criteria": {
      "has_wool": "2024-06-26 02:51:55 +0000"
    },
    "done": true
  },
  "create:recipes/building_blocks/crafting/kinetics/light_gray_seat": {
    "criteria": {
      "has_wool": "2024-06-26 02:51:55 +0000"
    },
    "done": true
  },
  "create:recipes/building_blocks/crafting/kinetics/orange_seat": {
    "criteria": {
      "has_wool": "2024-06-26 02:51:55 +0000"
    },
    "done": true
  },
  "create:recipes/building_blocks/crafting/kinetics/cyan_seat": {
    "criteria": {
      "has_wool": "2024-06-26 02:51:55 +0000"
    },
    "done": true
  },
  "minecraft:recipes/decorations/white_carpet": {
    "criteria": {
      "has_white_wool": "2024-06-26 02:51:55 +0000"
    },
    "done": true
  },
  "cutandcolored:recipes/building_blocks/white_wool_stairs_from_crafting": {
    "criteria": {
      "has_item": "2024-06-26 02:51:55 +0000"
    },
    "done": true
  },
  "cutandcolored:recipes/building_blocks/white_wool_stairs_from_weaving": {
    "criteria": {
      "has_item": "2024-06-26 02:51:55 +0000"
    },
    "done": true
  },
  "create:recipes/building_blocks/crafting/kinetics/pink_seat": {
    "criteria": {
      "has_wool": "2024-06-26 02:51:55 +0000"
    },
    "done": true
  },
  "create:recipes/building_blocks/crafting/kinetics/black_seat": {
    "criteria": {
      "has_wool": "2024-06-26 02:51:55 +0000"
    },
    "done": true
  },
  "cutandcolored:recipes/building_blocks/white_wool_slab_from_crafting": {
    "criteria": {
      "has_item": "2024-06-26 02:51:55 +0000"
    },
    "done": true
  },
  "minecraft:recipes/food/cooked_mutton": {
    "criteria": {
      "has_mutton": "2024-06-26 02:51:55 +0000"
    },
    "done": true
  },
  "minecraft:recipes/decorations/white_banner": {
    "criteria": {
      "has_white_wool": "2024-06-26 02:51:55 +0000"
    },
    "done": true
  },
  "minecraft:recipes/food/cooked_mutton_from_campfire_cooking": {
    "criteria": {
      "has_mutton": "2024-06-26 02:51:55 +0000"
    },
    "done": true
  },
  "cutandcolored:recipes/building_blocks/white_carpet_from_weaving": {
    "criteria": {
      "has_item": "2024-06-26 02:51:55 +0000"
    },
    "done": true
  },
  "create:recipes/building_blocks/crafting/kinetics/white_seat": {
    "criteria": {
      "has_wool": "2024-06-26 02:51:55 +0000"
    },
    "done": true
  },
  "usefulbackpacks:recipes/filter_configurator": {
    "criteria": {
      "has_wool": "2024-06-26 02:51:55 +0000"
    },
    "done": true
  },
  "create:recipes/building_blocks/crafting/kinetics/lime_seat": {
    "criteria": {
      "has_wool": "2024-06-26 02:51:55 +0000"
    },
    "done": true
  },
  "create:recipes/building_blocks/crafting/kinetics/yellow_seat": {
    "criteria": {
      "has_wool": "2024-06-26 02:51:55 +0000"
    },
    "done": true
  },
  "minecraft:recipes/building_blocks/black_terracotta": {
    "criteria": {
      "has_terracotta": "2024-06-26 02:57:35 +0000"
    },
    "done": true
  },
  "minecraft:recipes/building_blocks/pink_terracotta": {
    "criteria": {
      "has_terracotta": "2024-06-26 02:57:35 +0000"
    },
    "done": true
  },
  "minecraft:recipes/building_blocks/blue_terracotta": {
    "criteria": {
      "has_terracotta": "2024-06-26 02:57:35 +0000"
    },
    "done": true
  },
  "minecraft:recipes/building_blocks/light_blue_terracotta": {
    "criteria": {
      "has_terracotta": "2024-06-26 02:57:35 +0000"
    },
    "done": true
  },
  "minecraft:recipes/building_blocks/yellow_terracotta": {
    "criteria": {
      "has_terracotta": "2024-06-26 02:57:35 +0000"
    },
    "done": true
  },
  "cutandcolored:recipes/building_blocks/terracotta_slab_from_glasscutting": {
    "criteria": {
      "has_item": "2024-06-26 02:57:35 +0000"
    },
    "done": true
  },
  "minecraft:recipes/building_blocks/orange_terracotta": {
    "criteria": {
      "has_terracotta": "2024-06-26 02:57:35 +0000"
    },
    "done": true
  },
  "minecraft:recipes/building_blocks/magenta_terracotta": {
    "criteria": {
      "has_terracotta": "2024-06-26 02:57:35 +0000"
    },
    "done": true
  },
  "minecraft:recipes/building_blocks/cyan_terracotta": {
    "criteria": {
      "has_terracotta": "2024-06-26 02:57:35 +0000"
    },
    "done": true
  },
  "cutandcolored:recipes/building_blocks/terracotta_slab_from_crafting": {
    "criteria": {
      "has_item": "2024-06-26 02:57:35 +0000"
    },
    "done": true
  },
  "minecraft:recipes/building_blocks/brown_terracotta": {
    "criteria": {
      "has_terracotta": "2024-06-26 02:57:35 +0000"
    },
    "done": true
  },
  "minecraft:recipes/building_blocks/lime_terracotta": {
    "criteria": {
      "has_terracotta": "2024-06-26 02:57:35 +0000"
    },
    "done": true
  },
  "minecraft:recipes/building_blocks/light_gray_terracotta": {
    "criteria": {
      "has_terracotta": "2024-06-26 02:57:35 +0000"
    },
    "done": true
  },
  "minecraft:recipes/building_blocks/red_terracotta": {
    "criteria": {
      "has_terracotta": "2024-06-26 02:57:35 +0000"
    },
    "done": true
  },
  "minecraft:recipes/building_blocks/purple_terracotta": {
    "criteria": {
      "has_terracotta": "2024-06-26 02:57:35 +0000"
    },
    "done": true
  },
  "cutandcolored:recipes/building_blocks/terracotta_stairs_from_crafting": {
    "criteria": {
      "has_item": "2024-06-26 02:57:35 +0000"
    },
    "done": true
  },
  "minecraft:recipes/building_blocks/white_terracotta": {
    "criteria": {
      "has_terracotta": "2024-06-26 02:57:35 +0000"
    },
    "done": true
  },
  "cutandcolored:recipes/building_blocks/terracotta_stairs_from_glasscutting": {
    "criteria": {
      "has_item": "2024-06-26 02:57:35 +0000"
    },
    "done": true
  },
  "minecraft:recipes/building_blocks/gray_terracotta": {
    "criteria": {
      "has_terracotta": "2024-06-26 02:57:35 +0000"
    },
    "done": true
  },
  "minecraft:recipes/building_blocks/green_terracotta": {
    "criteria": {
      "has_terracotta": "2024-06-26 02:57:35 +0000"
    },
    "done": true
  },
  "minecraft:adventure/kill_all_mobs": {
    "criteria": {
      "minecraft:skeleton": "2024-06-26 03:25:05 +0000",
      "minecraft:spider": "2024-06-26 03:31:58 +0000",
      "minecraft:creeper": "2024-06-26 03:26:16 +0000",
      "minecraft:enderman": "2024-06-26 03:35:45 +0000",
      "minecraft:zombie": "2024-06-26 03:00:05 +0000",
      "minecraft:zombie_villager": "2024-06-26 03:29:31 +0000"
    },
    "done": false
  },
  "minecraft:adventure/kill_a_mob": {
    "criteria": {
      "minecraft:zombie": "2024-06-26 03:00:05 +0000"
    },
    "done": true
  },
  "minecraft:recipes/combat/leather_helmet": {
    "criteria": {
      "has_leather": "2024-06-26 03:07:56 +0000"
    },
    "done": true
  },
  "create:recipes/building_blocks/cut_tuff_from_stone_types_tuff_stonecutting": {
    "criteria": {
      "has_stone_types_tuff": "2024-06-26 03:11:04 +0000"
    },
    "done": true
  },
  "createdeco:recipes/decorations/iron_catwalk_stairs_from_stonecutting": {
    "criteria": {
      "has_item": "2024-06-26 03:13:57 +0000"
    },
    "done": true
  },
  "create:recipes/building_blocks/small_calcite_brick_wall_from_stone_types_calcite_stonecutting": {
    "criteria": {
      "has_stone_types_calcite": "2024-06-26 03:40:01 +0000"
    },
    "done": true
  },
  "cutandcolored:recipes/building_blocks/calcite_wall_from_crafting": {
    "criteria": {
      "has_item": "2024-06-26 03:40:01 +0000"
    },
    "done": true
  },
  "minecraft:story/deflect_arrow": {
    "criteria": {
      "deflected_projectile": "2024-06-26 03:25:01 +0000"
    },
    "done": true
  },
  "minecraft:recipes/decorations/oak_sign": {
    "criteria": {
      "has_planks": "2024-06-26 03:13:11 +0000"
    },
    "done": true
  },
  "create:recipes/building_blocks/polished_cut_andesite_stairs_from_stone_types_andesite_stonecutting": {
    "criteria": {
      "has_stone_types_andesite": "2024-06-26 03:33:32 +0000"
    },
    "done": true
  },
  "cutandcolored:recipes/building_blocks/andesite_bricks_from_glasscutting": {
    "criteria": {
      "has_item": "2024-06-26 03:33:32 +0000"
    },
    "done": true
  },
  "cutandcolored:recipes/building_blocks/oak_stairs_from_sawmilling": {
    "criteria": {
      "has_item": "2024-06-26 03:13:11 +0000"
    },
    "done": true
  },
  "minecraft:recipes/building_blocks/raw_iron_block": {
    "criteria": {
      "has_raw_iron": "2024-06-26 03:10:08 +0000"
    },
    "done": true
  },
  "cutandcolored:recipes/building_blocks/calcite_slab_from_crafting": {
    "criteria": {
      "has_item": "2024-06-26 03:40:01 +0000"
    },
    "done": true
  },
  "create:recipes/building_blocks/polished_cut_tuff_from_stone_types_tuff_stonecutting": {
    "criteria": {
      "has_stone_types_tuff": "2024-06-26 03:11:04 +0000"
    },
    "done": true
  },
  "create:recipes/building_blocks/cut_andesite_slab_from_stone_types_andesite_stonecutting": {
    "criteria": {
      "has_stone_types_andesite": "2024-06-26 03:33:32 +0000"
    },
    "done": true
  },
  "create:recipes/building_blocks/small_andesite_brick_slab_from_stone_types_andesite_stonecutting": {
    "criteria": {
      "has_stone_types_andesite": "2024-06-26 03:33:32 +0000"
    },
    "done": true
  },
  "cutandcolored:recipes/building_blocks/oak_fence_from_sawmilling": {
    "criteria": {
      "has_item": "2024-06-26 03:13:07 +0000"
    },
    "done": true
  },
  "minecraft:recipes/combat/iron_helmet": {
    "criteria": {
      "has_iron_ingot": "2024-06-26 03:13:57 +0000"
    },
    "done": true
  },
  "create:recipes/building_blocks/polished_cut_calcite_stairs_from_stone_types_calcite_stonecutting": {
    "criteria": {
      "has_stone_types_calcite": "2024-06-26 03:40:01 +0000"
    },
    "done": true
  },
  "minecraft:recipes/building_blocks/andesite_stairs": {
    "criteria": {
      "has_andesite": "2024-06-26 03:33:32 +0000"
    },
    "done": true
  },
  "minecraft:recipes/building_blocks/stone_brick_stairs": {
    "criteria": {
      "has_stone_bricks": "2024-06-26 04:28:52 +0000"
    },
    "done": true
  },
  "create:recipes/building_blocks/polished_cut_tuff_slab_from_stone_types_tuff_stonecutting": {
    "criteria": {
      "has_stone_types_tuff": "2024-06-26 03:11:04 +0000"
    },
    "done": true
  },
  "cutandcolored:recipes/building_blocks/oak_fence_gate_from_sawmilling": {
    "criteria": {
      "has_item": "2024-06-26 03:13:07 +0000"
    },
    "done": true
  },
  "cutandcolored:recipes/building_blocks/acacia_board_stairs_from_crafting": {
    "criteria": {
      "has_item": "2024-06-26 04:09:46 +0000"
    },
    "done": true
  },
  "cutandcolored:recipes/building_blocks/oak_board_slab_from_planks_from_sawmilling": {
    "criteria": {
      "has_item": "2024-06-26 03:13:11 +0000"
    },
    "done": true
  },
  "minecraft:recipes/combat/leather_chestplate": {
    "criteria": {
      "has_leather": "2024-06-26 03:07:56 +0000"
    },
    "done": true
  },
  "cutandcolored:recipes/building_blocks/stripped_oak_logs_from_sawmilling": {
    "criteria": {
      "has_item": "2024-06-26 03:13:07 +0000"
    },
    "done": true
  },
  "minecraft:recipes/tools/shears": {
    "criteria": {
      "has_iron_ingot": "2024-06-26 03:13:57 +0000"
    },
    "done": true
  },
  "minecraft:recipes/tools/spyglass": {
    "criteria": {
      "has_amethyst_shard": "2024-06-26 03:39:37 +0000"
    },
    "done": true
  },
  "createdeco:recipes/decorations/iron_catwalk_from_stonecutting": {
    "criteria": {
      "has_item": "2024-06-26 03:13:57 +0000"
    },
    "done": true
  },
  "create:recipes/building_blocks/polished_cut_tuff_stairs_from_stone_types_tuff_stonecutting": {
    "criteria": {
      "has_stone_types_tuff": "2024-06-26 03:11:04 +0000"
    },
    "done": true
  },
  "cutandcolored:recipes/building_blocks/spruce_slab_from_logs_from_sawmilling": {
    "criteria": {
      "has_item": "2024-06-26 03:55:16 +0000"
    },
    "done": true
  },
  "minecraft:recipes/building_blocks/iron_block": {
    "criteria": {
      "has_iron_ingot": "2024-06-26 03:13:57 +0000"
    },
    "done": true
  },
  "minecraft:recipes/redstone/tripwire_hook": {
    "criteria": {
      "has_string": "2024-06-26 03:31:59 +0000"
    },
    "done": true
  },
  "cutandcolored:recipes/building_blocks/spruce_door_from_sawmilling": {
    "criteria": {
      "has_item": "2024-06-26 03:55:16 +0000"
    },
    "done": true
  },
  "createdeco:recipes/decorations/iron_mesh_fence_from_stonecutting": {
    "criteria": {
      "has_item": "2024-06-26 03:13:57 +0000"
    },
    "done": true
  },
  "createdeco:recipes/decorations/iron_ladder_from_stonecutting": {
    "criteria": {
      "has_item": "2024-06-26 03:13:57 +0000"
    },
    "done": true
  },
  "cutandcolored:recipes/building_blocks/oak_slab_from_sawmilling": {
    "criteria": {
      "has_item": "2024-06-26 03:13:11 +0000"
    },
    "done": true
  },
  "cutandcolored:recipes/building_blocks/cracked_stone_brick_slab_from_smelting": {
    "criteria": {
      "has_item": "2024-06-26 04:03:47 +0000"
    },
    "done": true
  },
  "create:recipes/misc/crafting/materials/andesite_alloy": {
    "criteria": {
      "has_item": "2024-06-26 03:13:57 +0000"
    },
    "done": true
  },
  "cutandcolored:recipes/building_blocks/spruce_boat_from_sawmilling": {
    "criteria": {
      "has_item": "2024-06-26 03:55:16 +0000"
    },
    "done": true
  },
  "cutandcolored:recipes/building_blocks/oak_slab_from_logs_from_sawmilling": {
    "criteria": {
      "has_item": "2024-06-26 03:13:07 +0000"
    },
    "done": true
  },
  "minecraft:recipes/decorations/candle": {
    "criteria": {
      "has_string": "2024-06-26 03:31:59 +0000"
    },
    "done": true
  },
  "create:recipes/building_blocks/cut_tuff_stairs_from_stone_types_tuff_stonecutting": {
    "criteria": {
      "has_stone_types_tuff": "2024-06-26 03:11:04 +0000"
    },
    "done": true
  },
  "create:recipes/building_blocks/tuff_from_stone_types_tuff_stonecutting": {
    "criteria": {
      "has_stone_types_tuff": "2024-06-26 03:11:04 +0000"
    },
    "done": true
  },
  "create:recipes/building_blocks/small_calcite_brick_stairs_from_stone_types_calcite_stonecutting": {
    "criteria": {
      "has_stone_types_calcite": "2024-06-26 03:40:01 +0000"
    },
    "done": true
  },
  "minecraft:recipes/decorations/spruce_hanging_sign": {
    "criteria": {
      "has_stripped_logs": "2024-06-26 04:02:09 +0000"
    },
    "done": true
  },
  "create:recipes/building_blocks/cut_calcite_bricks_from_stone_types_calcite_stonecutting": {
    "criteria": {
      "has_stone_types_calcite": "2024-06-26 03:40:01 +0000"
    },
    "done": true
  },
  "minecraft:recipes/misc/leather_horse_armor": {
    "criteria": {
      "has_leather": "2024-06-26 03:07:56 +0000"
    },
    "done": true
  },
  "cutandcolored:recipes/building_blocks/tuff_stairs_from_glasscutting": {
    "criteria": {
      "has_item": "2024-06-26 03:11:04 +0000"
    },
    "done": true
  },
  "cutandcolored:recipes/building_blocks/tuff_stairs_from_crafting": {
    "criteria": {
      "has_item": "2024-06-26 03:11:04 +0000"
    },
    "done": true
  },
  "cutandcolored:recipes/building_blocks/oak_board_stairs_from_logs_from_sawmilling": {
    "criteria": {
      "has_item": "2024-06-26 03:13:07 +0000"
    },
    "done": true
  },
  "minecraft:recipes/building_blocks/stripped_spruce_wood": {
    "criteria": {
      "has_log": "2024-06-26 04:02:09 +0000"
    },
    "done": true
  },
  "create:recipes/building_blocks/small_tuff_brick_slab_from_stone_types_tuff_stonecutting": {
    "criteria": {
      "has_stone_types_tuff": "2024-06-26 03:11:04 +0000"
    },
    "done": true
  },
  "cutandcolored:recipes/building_blocks/andesite_brick_wall_from_glasscutting": {
    "criteria": {
      "has_item": "2024-06-26 03:33:32 +0000"
    },
    "done": true
  },
  "minecraft:recipes/redstone/hopper": {
    "criteria": {
      "has_iron_ingot": "2024-06-26 03:13:57 +0000"
    },
    "done": true
  },
  "minecraft:recipes/redstone/calibrated_sculk_sensor": {
    "criteria": {
      "has_amethyst_shard": "2024-06-26 03:39:37 +0000"
    },
    "done": true
  },
  "create:recipes/building_blocks/small_andesite_brick_stairs_from_stone_types_andesite_stonecutting": {
    "criteria": {
      "has_stone_types_andesite": "2024-06-26 03:33:32 +0000"
    },
    "done": true
  },
  "minecraft:recipes/building_blocks/tinted_glass": {
    "criteria": {
      "has_amethyst_shard": "2024-06-26 03:39:37 +0000"
    },
    "done": true
  },
  "minecraft:recipes/misc/copper_ingot_from_blasting_raw_copper": {
    "criteria": {
      "has_raw_copper": "2024-06-26 03:27:03 +0000"
    },
    "done": true
  },
  "minecraft:recipes/food/cooked_beef_from_smoking": {
    "criteria": {
      "has_beef": "2024-06-26 03:07:56 +0000"
    },
    "done": true
  },
  "cutandcolored:recipes/building_blocks/andesite_brick_stairs_from_glasscutting": {
    "criteria": {
      "has_item": "2024-06-26 03:33:32 +0000"
    },
    "done": true
  },
  "create:recipes/building_blocks/cut_andesite_bricks_from_stone_types_andesite_stonecutting": {
    "criteria": {
      "has_stone_types_andesite": "2024-06-26 03:33:32 +0000"
    },
    "done": true
  },
  "minecraft:recipes/building_blocks/oak_slab": {
    "criteria": {
      "has_planks": "2024-06-26 03:13:11 +0000"
    },
    "done": true
  },
  "minecraft:recipes/building_blocks/raw_copper_block": {
    "criteria": {
      "has_raw_copper": "2024-06-26 03:27:03 +0000"
    },
    "done": true
  },
  "create:recipes/building_blocks/small_andesite_bricks_from_stone_types_andesite_stonecutting": {
    "criteria": {
      "has_stone_types_andesite": "2024-06-26 03:33:32 +0000"
    },
    "done": true
  },
  "createdeco:recipes/building_blocks/iron_window": {
    "criteria": {
      "has_item": "2024-06-26 03:13:57 +0000"
    },
    "done": true
  },
  "create:recipes/building_blocks/polished_cut_tuff_wall_from_stone_types_tuff_stonecutting": {
    "criteria": {
      "has_stone_types_tuff": "2024-06-26 03:11:04 +0000"
    },
    "done": true
  },
  "cutandcolored:recipes/building_blocks/spruce_stairs_from_logs_from_sawmilling": {
    "criteria": {
      "has_item": "2024-06-26 03:55:16 +0000"
    },
    "done": true
  },
  "cutandcolored:recipes/building_blocks/acacia_board_slab_from_sawmilling": {
    "criteria": {
      "has_item": "2024-06-26 04:09:46 +0000"
    },
    "done": true
  },
  "minecraft:recipes/combat/iron_boots": {
    "criteria": {
      "has_iron_ingot": "2024-06-26 03:13:57 +0000"
    },
    "done": true
  },
  "cutandcolored:recipes/building_blocks/spruce_fence_from_sawmilling": {
    "criteria": {
      "has_item": "2024-06-26 03:55:16 +0000"
    },
    "done": true
  },
  "minecraft:recipes/misc/black_dye": {
    "criteria": {
      "has_ink_sac": "2024-06-26 03:49:59 +0000"
    },
    "done": true
  },
  "create:recipes/building_blocks/layered_calcite_from_stone_types_calcite_stonecutting": {
    "criteria": {
      "has_stone_types_calcite": "2024-06-26 03:40:01 +0000"
    },
    "done": true
  },
  "minecraft:recipes/decorations/lantern": {
    "criteria": {
      "has_iron_ingot": "2024-06-26 03:13:57 +0000"
    },
    "done": true
  },
  "cutandcolored:recipes/building_blocks/oak_boards_from_sawmilling": {
    "criteria": {
      "has_item": "2024-06-26 03:13:11 +0000"
    },
    "done": true
  },
  "minecraft:recipes/redstone/oak_fence_gate": {
    "criteria": {
      "has_planks": "2024-06-26 03:13:11 +0000"
    },
    "done": true
  },
  "cutandcolored:recipes/building_blocks/spruce_sign_from_sawmilling": {
    "criteria": {
      "has_item": "2024-06-26 03:55:16 +0000"
    },
    "done": true
  },
  "minecraft:recipes/building_blocks/stone_brick_slab": {
    "criteria": {
      "has_stone_bricks": "2024-06-26 04:28:52 +0000"
    },
    "done": true
  },
  "minecraft:recipes/building_blocks/polished_andesite_from_andesite_stonecutting": {
    "criteria": {
      "has_andesite": "2024-06-26 03:33:32 +0000"
    },
    "done": true
  },
  "minecraft:recipes/tools/iron_shovel": {
    "criteria": {
      "has_iron_ingot": "2024-06-26 03:13:57 +0000"
    },
    "done": true
  },
  "minecraft:recipes/decorations/item_frame": {
    "criteria": {
      "has_leather": "2024-06-26 03:07:56 +0000"
    },
    "done": true
  },
  "cutandcolored:recipes/building_blocks/spruce_planks_from_sawmilling": {
    "criteria": {
      "has_item": "2024-06-26 03:55:16 +0000"
    },
    "done": true
  },
  "minecraft:recipes/building_blocks/chiseled_stone_bricks_from_stone_bricks_stonecutting": {
    "criteria": {
      "has_stone_bricks": "2024-06-26 04:28:52 +0000"
    },
    "done": true
  },
  "create:recipes/building_blocks/cut_tuff_brick_slab_from_stone_types_tuff_stonecutting": {
    "criteria": {
      "has_stone_types_tuff": "2024-06-26 03:11:04 +0000"
    },
    "done": true
  },
  "cutandcolored:recipes/redstone/iron_fence_gate_from_crafting": {
    "criteria": {
      "has_item": "2024-06-26 03:13:57 +0000"
    },
    "done": true
  },
  "cutandcolored:recipes/building_blocks/acacia_board_slab_from_crafting": {
    "criteria": {
      "has_item": "2024-06-26 04:09:46 +0000"
    },
    "done": true
  },
  "create:recipes/building_blocks/cut_calcite_wall_from_stone_types_calcite_stonecutting": {
    "criteria": {
      "has_stone_types_calcite": "2024-06-26 03:40:01 +0000"
    },
    "done": true
  },
  "cutandcolored:recipes/building_blocks/spruce_trapdoor_from_sawmilling": {
    "criteria": {
      "has_item": "2024-06-26 03:55:16 +0000"
    },
    "done": true
  },
  "minecraft:recipes/redstone/oak_door": {
    "criteria": {
      "has_planks": "2024-06-26 03:13:11 +0000"
    },
    "done": true
  },
  "create:recipes/building_blocks/calcite_pillar_from_stone_types_calcite_stonecutting": {
    "criteria": {
      "has_stone_types_calcite": "2024-06-26 03:40:01 +0000"
    },
    "done": true
  },
  "create:recipes/building_blocks/polished_cut_andesite_from_stone_types_andesite_stonecutting": {
    "criteria": {
      "has_stone_types_andesite": "2024-06-26 03:33:32 +0000"
    },
    "done": true
  },
  "cutandcolored:recipes/misc/weaver_from_crafting": {
    "criteria": {
      "has_item": "2024-06-26 03:31:59 +0000"
    },
    "done": true
  },
  "create:recipes/building_blocks/cut_andesite_wall_from_stone_types_andesite_stonecutting": {
    "criteria": {
      "has_stone_types_andesite": "2024-06-26 03:33:32 +0000"
    },
    "done": true
  },
  "minecraft:recipes/redstone/iron_trapdoor": {
    "criteria": {
      "has_iron_ingot": "2024-06-26 03:13:57 +0000"
    },
    "done": true
  },
  "cutandcolored:recipes/building_blocks/tuff_wall_from_glasscutting": {
    "criteria": {
      "has_item": "2024-06-26 03:11:04 +0000"
    },
    "done": true
  },
  "cutandcolored:recipes/building_blocks/polished_stone_from_crafting": {
    "criteria": {
      "has_item": "2024-06-26 04:28:52 +0000"
    },
    "done": true
  },
  "cutandcolored:recipes/building_blocks/calcite_stairs_from_glasscutting": {
    "criteria": {
      "has_item": "2024-06-26 03:40:01 +0000"
    },
    "done": true
  },
  "minecraft:recipes/misc/iron_ingot_from_blasting_raw_iron": {
    "criteria": {
      "has_raw_iron": "2024-06-26 03:10:08 +0000"
    },
    "done": true
  },
  "create:recipes/building_blocks/small_andesite_brick_wall_from_stone_types_andesite_stonecutting": {
    "criteria": {
      "has_stone_types_andesite": "2024-06-26 03:33:32 +0000"
    },
    "done": true
  },
  "minecraft:recipes/building_blocks/oak_planks": {
    "criteria": {
      "has_logs": "2024-06-26 03:13:07 +0000"
    },
    "done": true
  },
  "createdeco:recipes/decorations/iron_catwalk_railing_from_stonecutting": {
    "criteria": {
      "has_item": "2024-06-26 03:13:57 +0000"
    },
    "done": true
  },
  "minecraft:recipes/combat/crossbow": {
    "criteria": {
      "has_iron_ingot": "2024-06-26 03:13:57 +0000"
    },
    "done": true
  },
  "minecraft:recipes/combat/leather_boots": {
    "criteria": {
      "has_leather": "2024-06-26 03:07:56 +0000"
    },
    "done": true
  },
  "minecraft:recipes/building_blocks/polished_andesite_stairs_from_andesite_stonecutting": {
    "criteria": {
      "has_andesite": "2024-06-26 03:33:32 +0000"
    },
    "done": true
  },
  "cutandcolored:recipes/building_blocks/oak_stairs_from_logs_from_sawmilling": {
    "criteria": {
      "has_item": "2024-06-26 03:13:07 +0000"
    },
    "done": true
  },
  "create:recipes/building_blocks/cut_andesite_brick_slab_from_stone_types_andesite_stonecutting": {
    "criteria": {
      "has_stone_types_andesite": "2024-06-26 03:33:32 +0000"
    },
    "done": true
  },
  "minecraft:recipes/misc/firework_rocket_simple": {
    "criteria": {
      "has_gunpowder": "2024-06-26 03:26:18 +0000"
    },
    "done": true
  },
  "cutandcolored:recipes/building_blocks/calcite_slab_from_glasscutting": {
    "criteria": {
      "has_item": "2024-06-26 03:40:01 +0000"
    },
    "done": true
  },
  "cutandcolored:recipes/building_blocks/oak_board_stairs_from_planks_from_sawmilling": {
    "criteria": {
      "has_item": "2024-06-26 03:13:11 +0000"
    },
    "done": true
  },
  "minecraft:recipes/building_blocks/oak_wood": {
    "criteria": {
      "has_log": "2024-06-26 03:13:07 +0000"
    },
    "done": true
  },
  "create:recipes/building_blocks/layered_andesite_from_stone_types_andesite_stonecutting": {
    "criteria": {
      "has_stone_types_andesite": "2024-06-26 03:33:32 +0000"
    },
    "done": true
  },
  "minecraft:recipes/food/cooked_beef": {
    "criteria": {
      "has_beef": "2024-06-26 03:07:56 +0000"
    },
    "done": true
  },
  "minecraft:recipes/redstone/heavy_weighted_pressure_plate": {
    "criteria": {
      "has_iron_ingot": "2024-06-26 03:13:57 +0000"
    },
    "done": true
  },
  "cutandcolored:recipes/building_blocks/oak_sign_from_sawmilling": {
    "criteria": {
      "has_item": "2024-06-26 03:13:07 +0000"
    },
    "done": true
  },
  "create:recipes/building_blocks/polished_cut_calcite_from_stone_types_calcite_stonecutting": {
    "criteria": {
      "has_stone_types_calcite": "2024-06-26 03:40:01 +0000"
    },
    "done": true
  },
  "create:recipes/building_blocks/small_tuff_brick_stairs_from_stone_types_tuff_stonecutting": {
    "criteria": {
      "has_stone_types_tuff": "2024-06-26 03:11:04 +0000"
    },
    "done": true
  },
  "minecraft:recipes/combat/iron_leggings": {
    "criteria": {
      "has_iron_ingot": "2024-06-26 03:13:57 +0000"
    },
    "done": true
  },
  "minecraft:recipes/combat/leather_leggings": {
    "criteria": {
      "has_leather": "2024-06-26 03:07:56 +0000"
    },
    "done": true
  },
  "minecraft:story/obtain_armor": {
    "criteria": {
      "iron_chestplate": "2024-06-26 03:16:56 +0000"
    },
    "done": true
  },
  "cutandcolored:recipes/misc/sawmill_from_crafting": {
    "criteria": {
      "has_item": "2024-06-26 03:13:57 +0000"
    },
    "done": true
  },
  "minecraft:recipes/decorations/stone_brick_wall": {
    "criteria": {
      "has_stone_bricks": "2024-06-26 04:28:52 +0000"
    },
    "done": true
  },
  "minecraft:recipes/misc/iron_nugget_from_smelting": {
    "criteria": {
      "has_iron_sword": "2024-06-26 03:14:03 +0000"
    },
    "done": true
  },
  "create:recipes/building_blocks/small_tuff_bricks_from_stone_types_tuff_stonecutting": {
    "criteria": {
      "has_stone_types_tuff": "2024-06-26 03:11:04 +0000"
    },
    "done": true
  },
  "minecraft:story/iron_tools": {
    "criteria": {
      "iron_pickaxe": "2024-06-26 03:14:38 +0000"
    },
    "done": true
  },
  "minecraft:recipes/combat/iron_chestplate": {
    "criteria": {
      "has_iron_ingot": "2024-06-26 03:13:57 +0000"
    },
    "done": true
  },
  "minecraft:recipes/redstone/oak_trapdoor": {
    "criteria": {
      "has_planks": "2024-06-26 03:13:11 +0000"
    },
    "done": true
  },
  "minecraft:recipes/misc/iron_nugget": {
    "criteria": {
      "has_iron_ingot": "2024-06-26 03:13:57 +0000"
    },
    "done": true
  },
  "cutandcolored:recipes/building_blocks/spruce_board_stairs_from_logs_from_sawmilling": {
    "criteria": {
      "has_item": "2024-06-26 03:55:16 +0000"
    },
    "done": true
  },
  "create:recipes/building_blocks/cut_calcite_slab_from_stone_types_calcite_stonecutting": {
    "criteria": {
      "has_stone_types_calcite": "2024-06-26 03:40:01 +0000"
    },
    "done": true
  },
  "minecraft:recipes/building_blocks/cracked_stone_bricks": {
    "criteria": {
      "has_stone_bricks": "2024-06-26 04:28:52 +0000"
    },
    "done": true
  },
  "cutandcolored:recipes/building_blocks/oak_trapdoor_from_sawmilling": {
    "criteria": {
      "has_item": "2024-06-26 03:13:07 +0000"
    },
    "done": true
  },
  "minecraft:recipes/misc/bucket": {
    "criteria": {
      "has_iron_ingot": "2024-06-26 03:13:57 +0000"
    },
    "done": true
  },
  "create:recipes/building_blocks/small_calcite_brick_slab_from_stone_types_calcite_stonecutting": {
    "criteria": {
      "has_stone_types_calcite": "2024-06-26 03:40:01 +0000"
    },
    "done": true
  },
  "minecraft:recipes/building_blocks/stone_brick_stairs_from_stone_bricks_stonecutting": {
    "criteria": {
      "has_stone_bricks": "2024-06-26 04:28:52 +0000"
    },
    "done": true
  },
  "minecraft:recipes/combat/bow": {
    "criteria": {
      "has_string": "2024-06-26 03:31:59 +0000"
    },
    "done": true
  },
  "minecraft:recipes/transportation/minecart": {
    "criteria": {
      "has_iron_ingot": "2024-06-26 03:13:57 +0000"
    },
    "done": true
  },
  "minecraft:recipes/tools/iron_hoe": {
    "criteria": {
      "has_iron_ingot": "2024-06-26 03:13:57 +0000"
    },
    "done": true
  },
  "cutandcolored:recipes/building_blocks/polished_stone_from_bricks_from_glasscutting": {
    "criteria": {
      "has_item": "2024-06-26 04:28:52 +0000"
    },
    "done": true
  },
  "minecraft:recipes/decorations/andesite_wall_from_andesite_stonecutting": {
    "criteria": {
      "has_andesite": "2024-06-26 03:33:32 +0000"
    },
    "done": true
  },
  "minecraft:story/smelt_iron": {
    "criteria": {
      "iron": "2024-06-26 03:13:57 +0000"
    },
    "done": true
  },
  "minecraft:recipes/tools/fishing_rod": {
    "criteria": {
      "has_string": "2024-06-26 03:31:59 +0000"
    },
    "done": true
  },
  "create:recipes/building_blocks/layered_tuff_from_stone_types_tuff_stonecutting": {
    "criteria": {
      "has_stone_types_tuff": "2024-06-26 03:11:04 +0000"
    },
    "done": true
  },
  "minecraft:recipes/building_blocks/chiseled_stone_bricks": {
    "criteria": {
      "has_tag": "2024-06-26 04:28:52 +0000"
    },
    "done": true
  },
  "createdeco:recipes/decorations/iron_bars_overlay_from_stonecutting": {
    "criteria": {
      "has_item": "2024-06-26 03:13:57 +0000"
    },
    "done": true
  },
  "minecraft:recipes/building_blocks/emerald_block": {
    "criteria": {
      "has_emerald": "2024-06-26 03:19:27 +0000"
    },
    "done": true
  },
  "create:recipes/building_blocks/andesite_from_stone_types_andesite_stonecutting": {
    "criteria": {
      "has_stone_types_andesite": "2024-06-26 03:33:32 +0000"
    },
    "done": true
  },
  "create:recipes/building_blocks/cut_andesite_from_stone_types_andesite_stonecutting": {
    "criteria": {
      "has_stone_types_andesite": "2024-06-26 03:33:32 +0000"
    },
    "done": true
  },
  "createdeco:recipes/decorations/iron_support_wedge_from_stonecutting": {
    "criteria": {
      "has_item": "2024-06-26 03:13:57 +0000"
    },
    "done": true
  },
  "minecraft:recipes/building_blocks/oak_stairs": {
    "criteria": {
      "has_planks": "2024-06-26 03:13:11 +0000"
    },
    "done": true
  },
  "minecraft:recipes/building_blocks/polished_andesite_slab_from_andesite_stonecutting": {
    "criteria": {
      "has_andesite": "2024-06-26 03:33:32 +0000"
    },
    "done": true
  },
  "minecraft:recipes/decorations/chain": {
    "criteria": {
      "has_iron_ingot": "2024-06-26 03:13:57 +0000"
    },
    "done": true
  },
  "minecraft:recipes/decorations/oak_fence": {
    "criteria": {
      "has_planks": "2024-06-26 03:13:11 +0000"
    },
    "done": true
  },
  "cutandcolored:recipes/building_blocks/oak_board_slab_from_logs_from_sawmilling": {
    "criteria": {
      "has_item": "2024-06-26 03:13:07 +0000"
    },
    "done": true
  },
  "create:recipes/building_blocks/cut_tuff_brick_stairs_from_stone_types_tuff_stonecutting": {
    "criteria": {
      "has_stone_types_tuff": "2024-06-26 03:11:04 +0000"
    },
    "done": true
  },
  "minecraft:recipes/building_blocks/spruce_wood": {
    "criteria": {
      "has_log": "2024-06-26 03:55:16 +0000"
    },
    "done": true
  },
  "minecraft:recipes/misc/bone_meal": {
    "criteria": {
      "has_bone": "2024-06-26 03:31:27 +0000"
    },
    "done": true
  },
  "create:recipes/building_blocks/tuff_pillar_from_stone_types_tuff_stonecutting": {
    "criteria": {
      "has_stone_types_tuff": "2024-06-26 03:11:04 +0000"
    },
    "done": true
  },
  "create:recipes/building_blocks/cut_calcite_brick_slab_from_stone_types_calcite_stonecutting": {
    "criteria": {
      "has_stone_types_calcite": "2024-06-26 03:40:01 +0000"
    },
    "done": true
  },
  "minecraft:recipes/decorations/smithing_table": {
    "criteria": {
      "has_iron_ingot": "2024-06-26 03:13:57 +0000"
    },
    "done": true
  },
  "cutandcolored:recipes/building_blocks/spruce_board_slab_from_logs_from_sawmilling": {
    "criteria": {
      "has_item": "2024-06-26 03:55:16 +0000"
    },
    "done": true
  },
  "create:recipes/misc/crafting/kinetics/empty_blaze_burner": {
    "criteria": {
      "has_item": "2024-06-26 03:13:57 +0000"
    },
    "done": true
  },
  "cutandcolored:recipes/building_blocks/spruce_fence_gate_from_sawmilling": {
    "criteria": {
      "has_item": "2024-06-26 03:55:16 +0000"
    },
    "done": true
  },
  "create:recipes/building_blocks/cut_tuff_brick_wall_from_stone_types_tuff_stonecutting": {
    "criteria": {
      "has_stone_types_tuff": "2024-06-26 03:11:04 +0000"
    },
    "done": true
  },
  "cutandcolored:recipes/building_blocks/oak_planks_from_sawmilling": {
    "criteria": {
      "has_item": "2024-06-26 03:13:07 +0000"
    },
    "done": true
  },
  "minecraft:recipes/decorations/stone_brick_wall_from_stone_bricks_stonecutting": {
    "criteria": {
      "has_stone_bricks": "2024-06-26 04:28:52 +0000"
    },
    "done": true
  },
  "minecraft:recipes/building_blocks/mossy_cobblestone_from_moss_block": {
    "criteria": {
      "has_moss_block": "2024-06-26 03:10:30 +0000"
    },
    "done": true
  },
  "minecraft:recipes/building_blocks/andesite_slab_from_andesite_stonecutting": {
    "criteria": {
      "has_andesite": "2024-06-26 03:33:32 +0000"
    },
    "done": true
  },
  "minecraft:recipes/building_blocks/coal_block": {
    "criteria": {
      "has_coal": "2024-06-26 03:06:42 +0000"
    },
    "done": true
  },
  "cutandcolored:recipes/building_blocks/andesite_brick_slab_from_glasscutting": {
    "criteria": {
      "has_item": "2024-06-26 03:33:32 +0000"
    },
    "done": true
  },
  "create:recipes/building_blocks/polished_cut_calcite_wall_from_stone_types_calcite_stonecutting": {
    "criteria": {
      "has_stone_types_calcite": "2024-06-26 03:40:01 +0000"
    },
    "done": true
  },
  "minecraft:recipes/redstone/oak_button": {
    "criteria": {
      "has_planks": "2024-06-26 03:13:11 +0000"
    },
    "done": true
  },
  "createdeco:recipes/decorations/iron_support": {
    "criteria": {
      "has_item": "2024-06-26 03:13:57 +0000"
    },
    "done": true
  },
  "minecraft:recipes/combat/iron_sword": {
    "criteria": {
      "has_iron_ingot": "2024-06-26 03:13:57 +0000"
    },
    "done": true
  },
  "minecraft:recipes/tools/iron_pickaxe": {
    "criteria": {
      "has_iron_ingot": "2024-06-26 03:13:57 +0000"
    },
    "done": true
  },
  "cutandcolored:recipes/building_blocks/acacia_board_stairs_from_sawmilling": {
    "criteria": {
      "has_item": "2024-06-26 04:09:46 +0000"
    },
    "done": true
  },
  "minecraft:recipes/combat/shield": {
    "criteria": {
      "has_iron_ingot": "2024-06-26 03:13:57 +0000"
    },
    "done": true
  },
  "create:recipes/building_blocks/polished_cut_andesite_slab_from_stone_types_andesite_stonecutting": {
    "criteria": {
      "has_stone_types_andesite": "2024-06-26 03:33:32 +0000"
    },
    "done": true
  },
  "minecraft:recipes/building_blocks/andesite_stairs_from_andesite_stonecutting": {
    "criteria": {
      "has_andesite": "2024-06-26 03:33:32 +0000"
    },
    "done": true
  },
  "minecraft:recipes/decorations/iron_bars": {
    "criteria": {
      "has_iron_ingot": "2024-06-26 03:13:57 +0000"
    },
    "done": true
  },
  "create:recipes/building_blocks/cut_andesite_brick_wall_from_stone_types_andesite_stonecutting": {
    "criteria": {
      "has_stone_types_andesite": "2024-06-26 03:33:32 +0000"
    },
    "done": true
  },
  "minecraft:recipes/building_blocks/spruce_planks": {
    "criteria": {
      "has_logs": "2024-06-26 03:55:16 +0000"
    },
    "done": true
  },
  "create:recipes/building_blocks/polished_cut_calcite_slab_from_stone_types_calcite_stonecutting": {
    "criteria": {
      "has_stone_types_calcite": "2024-06-26 03:40:01 +0000"
    },
    "done": true
  },
  "minecraft:recipes/brewing/fermented_spider_eye": {
    "criteria": {
      "has_spider_eye": "2024-06-26 03:31:59 +0000"
    },
    "done": true
  },
  "minecraft:recipes/misc/iron_ingot_from_smelting_raw_iron": {
    "criteria": {
      "has_raw_iron": "2024-06-26 03:10:08 +0000"
    },
    "done": true
  },
  "create:recipes/building_blocks/cut_calcite_from_stone_types_calcite_stonecutting": {
    "criteria": {
      "has_stone_types_calcite": "2024-06-26 03:40:01 +0000"
    },
    "done": true
  },
  "create:recipes/building_blocks/calcite_from_stone_types_calcite_stonecutting": {
    "criteria": {
      "has_stone_types_calcite": "2024-06-26 03:40:01 +0000"
    },
    "done": true
  },
  "minecraft:recipes/building_blocks/stone_brick_slab_from_stone_bricks_stonecutting": {
    "criteria": {
      "has_stone_bricks": "2024-06-26 04:28:52 +0000"
    },
    "done": true
  },
  "cutandcolored:recipes/building_blocks/oak_door_from_sawmilling": {
    "criteria": {
      "has_item": "2024-06-26 03:13:07 +0000"
    },
    "done": true
  },
  "create:recipes/building_blocks/andesite_pillar_from_stone_types_andesite_stonecutting": {
    "criteria": {
      "has_stone_types_andesite": "2024-06-26 03:33:32 +0000"
    },
    "done": true
  },
  "create:recipes/building_blocks/cut_calcite_brick_stairs_from_stone_types_calcite_stonecutting": {
    "criteria": {
      "has_stone_types_calcite": "2024-06-26 03:40:01 +0000"
    },
    "done": true
  },
  "create:recipes/building_blocks/cut_andesite_stairs_from_stone_types_andesite_stonecutting": {
    "criteria": {
      "has_stone_types_andesite": "2024-06-26 03:33:32 +0000"
    },
    "done": true
  },
  "create:recipes/building_blocks/polished_cut_andesite_wall_from_stone_types_andesite_stonecutting": {
    "criteria": {
      "has_stone_types_andesite": "2024-06-26 03:33:32 +0000"
    },
    "done": true
  },
  "create:recipes/building_blocks/cut_calcite_stairs_from_stone_types_calcite_stonecutting": {
    "criteria": {
      "has_stone_types_calcite": "2024-06-26 03:40:01 +0000"
    },
    "done": true
  },
  "cutandcolored:recipes/building_blocks/calcite_stairs_from_crafting": {
    "criteria": {
      "has_item": "2024-06-26 03:40:01 +0000"
    },
    "done": true
  },
  "create:recipes/building_blocks/small_calcite_bricks_from_stone_types_calcite_stonecutting": {
    "criteria": {
      "has_stone_types_calcite": "2024-06-26 03:40:01 +0000"
    },
    "done": true
  },
  "minecraft:recipes/redstone/oak_pressure_plate": {
    "criteria": {
      "has_planks": "2024-06-26 03:13:11 +0000"
    },
    "done": true
  },
  "create:recipes/building_blocks/cut_andesite_brick_stairs_from_stone_types_andesite_stonecutting": {
    "criteria": {
      "has_stone_types_andesite": "2024-06-26 03:33:32 +0000"
    },
    "done": true
  },
  "minecraft:recipes/building_blocks/polished_andesite": {
    "criteria": {
      "has_andesite": "2024-06-26 03:33:32 +0000"
    },
    "done": true
  },
  "create:recipes/building_blocks/cut_tuff_slab_from_stone_types_tuff_stonecutting": {
    "criteria": {
      "has_stone_types_tuff": "2024-06-26 03:11:04 +0000"
    },
    "done": true
  },
  "create:recipes/building_blocks/small_tuff_brick_wall_from_stone_types_tuff_stonecutting": {
    "criteria": {
      "has_stone_types_tuff": "2024-06-26 03:11:04 +0000"
    },
    "done": true
  },
  "cutandcolored:recipes/building_blocks/calcite_wall_from_glasscutting": {
    "criteria": {
      "has_item": "2024-06-26 03:40:01 +0000"
    },
    "done": true
  },
  "minecraft:recipes/building_blocks/white_wool_from_string": {
    "criteria": {
      "has_string": "2024-06-26 03:31:59 +0000"
    },
    "done": true
  },
  "cutandcolored:recipes/building_blocks/tuff_slab_from_glasscutting": {
    "criteria": {
      "has_item": "2024-06-26 03:11:04 +0000"
    },
    "done": true
  },
  "cutandcolored:recipes/building_blocks/oak_boards_from_logs_from_sawmilling": {
    "criteria": {
      "has_item": "2024-06-26 03:13:07 +0000"
    },
    "done": true
  },
  "cutandcolored:recipes/building_blocks/tuff_wall_from_crafting": {
    "criteria": {
      "has_item": "2024-06-26 03:11:04 +0000"
    },
    "done": true
  },
  "minecraft:recipes/decorations/moss_carpet": {
    "criteria": {
      "has_moss_block": "2024-06-26 03:10:30 +0000"
    },
    "done": true
  },
  "create:recipes/building_blocks/cut_calcite_brick_wall_from_stone_types_calcite_stonecutting": {
    "criteria": {
      "has_stone_types_calcite": "2024-06-26 03:40:01 +0000"
    },
    "done": true
  },
  "minecraft:recipes/building_blocks/amethyst_block": {
    "criteria": {
      "has_amethyst_shard": "2024-06-26 03:39:37 +0000"
    },
    "done": true
  },
  "minecraft:recipes/tools/iron_axe": {
    "criteria": {
      "has_iron_ingot": "2024-06-26 03:13:57 +0000"
    },
    "done": true
  },
  "create:recipes/building_blocks/oak_window": {
    "criteria": {
      "has_ingredient": "2024-06-26 03:13:11 +0000"
    },
    "done": true
  },
  "cutandcolored:recipes/building_blocks/tuff_slab_from_crafting": {
    "criteria": {
      "has_item": "2024-06-26 03:11:04 +0000"
    },
    "done": true
  },
  "minecraft:recipes/misc/iron_nugget_from_blasting": {
    "criteria": {
      "has_iron_sword": "2024-06-26 03:14:03 +0000"
    },
    "done": true
  },
  "cutandcolored:recipes/building_blocks/oak_boat_from_sawmilling": {
    "criteria": {
      "has_item": "2024-06-26 03:13:07 +0000"
    },
    "done": true
  },
  "minecraft:recipes/decorations/andesite_wall": {
    "criteria": {
      "has_andesite": "2024-06-26 03:33:32 +0000"
    },
    "done": true
  },
  "minecraft:recipes/building_blocks/andesite_slab": {
    "criteria": {
      "has_andesite": "2024-06-26 03:33:32 +0000"
    },
    "done": true
  },
  "minecraft:recipes/redstone/tnt": {
    "criteria": {
      "has_gunpowder": "2024-06-26 03:26:18 +0000"
    },
    "done": true
  },
  "create:recipes/building_blocks/cut_tuff_bricks_from_stone_types_tuff_stonecutting": {
    "criteria": {
      "has_stone_types_tuff": "2024-06-26 03:11:04 +0000"
    },
    "done": true
  },
  "minecraft:recipes/decorations/loom": {
    "criteria": {
      "has_string": "2024-06-26 03:31:59 +0000"
    },
    "done": true
  },
  "cutandcolored:recipes/building_blocks/spruce_boards_from_logs_from_sawmilling": {
    "criteria": {
      "has_item": "2024-06-26 03:55:16 +0000"
    },
    "done": true
  },
  "minecraft:recipes/building_blocks/mossy_stone_bricks_from_moss_block": {
    "criteria": {
      "has_moss_block": "2024-06-26 03:10:30 +0000"
    },
    "done": true
  },
  "create:recipes/building_blocks/industrial_iron_block_from_ingots_iron_stonecutting": {
    "criteria": {
      "has_ingots_iron": "2024-06-26 03:13:57 +0000"
    },
    "done": true
  },
  "minecraft:recipes/redstone/iron_door": {
    "criteria": {
      "has_iron_ingot": "2024-06-26 03:13:57 +0000"
    },
    "done": true
  },
  "minecraft:recipes/misc/copper_ingot_from_smelting_raw_copper": {
    "criteria": {
      "has_raw_copper": "2024-06-26 03:27:03 +0000"
    },
    "done": true
  },
  "create:recipes/building_blocks/cut_tuff_wall_from_stone_types_tuff_stonecutting": {
    "criteria": {
      "has_stone_types_tuff": "2024-06-26 03:11:04 +0000"
    },
    "done": true
  },
  "cutandcolored:recipes/building_blocks/stripped_spruce_logs_from_sawmilling": {
    "criteria": {
      "has_item": "2024-06-26 03:55:16 +0000"
    },
    "done": true
  },
  "minecraft:recipes/food/cooked_beef_from_campfire_cooking": {
    "criteria": {
      "has_beef": "2024-06-26 03:07:56 +0000"
    },
    "done": true
  },
  "DataVersion": 3465
}